Workbook

Sheet Painel
A1: PAINEL DE ESTOQUE E SOBRAS
A2: Tudo calculado automaticamente. Dados fictícios de demonstração.
A4: Produtos cadastrados | C4: Kits lacrados em estoque | E4: Acessórios em estoque (unidades)
A5: =COUNTA(Estoque!A6:A45) -> 14 | C5: =SUMIFS(Estoque!H6:H45,Estoque!D6:D45,"Kit") -> 18 | E5: =SUMIFS(Estoque!H6:H45,Estoque!D6:D45,"Acessório") -> 28
A7: Saldo de sobras (kits) | C7: Produtos para repor | E7: Alertas de dados a corrigir
A8: =SUM(Estoque!K6:K45) -> 1.25 | C8: =COUNTIF(Estoque!L6:L45,"Repor") -> 7 | E8: =COUNTIF(Estoque!L6:L45,"Código duplicado")+COUNTIF(Estoque!L6:L45,"*negativo")+COUNTIF(Movimentações!J6:J505,"⚠*") -> 0
A10: Por fornecedor
A11: Fornecedor | B11: Kits lacrados | C11: Sobras (kits) | D11: Acessórios
A12: =Listas!F2 -> Fornecedor Alfa | B12: =SUMIFS(Estoque!$H$6:$H$45,Estoque!$B$6:$B$45,$A12,Estoque!$D$6:$D$45,"Kit") -> 7 | C12: =SUMIFS(Estoque!$K$6:$K$45,Estoque!$B$6:$B$45,$A12) -> 0.75 | D12: =SUMIFS(Estoque!$H$6:$H$45,Estoque!$B$6:$B$45,$A12,Estoque!$D$6:$D$45,"Acessório") -> 12
A13: =Listas!F3 -> Fornecedor Beta | B13: =SUMIFS(Estoque!$H$6:$H$45,Estoque!$B$6:$B$45,$A13,Estoque!$D$6:$D$45,"Kit") -> 11 | C13: =SUMIFS(Estoque!$K$6:$K$45,Estoque!$B$6:$B$45,$A13) -> 0.5 | D13: =SUMIFS(Estoque!$H$6:$H$45,Estoque!$B$6:$B$45,$A13,Estoque!$D$6:$D$45,"Acessório") -> 16
A14: Total | B14: =SUM(B12:B13) -> 18 | C14: =SUM(C12:C13) -> 1.25 | D14: =SUM(D12:D13) -> 28
A16: Kits e acessórios ficam separados de propósito: somar baldes e pincéis com kits distorce o total.

Sheet Como usar
A1: COMO USAR ESTA PLANILHA
A3: Legenda: célula amarela com texto azul = você preenche. Célula cinza = fórmula, não edite.
A4: Exemplo de linha em Movimentações: 02/10/2026 | Retorno de sobra | KT-01 | Instalador A | 1/2 kit (a Qtd considerada vira 0,50 kit).
A6: REGRAS QUE EVITAM ERRO
A7: 1. Um código = um produto. A aba Estoque bloqueia código repetido e marca "Código duplicado" se aparecer.
A8: 2. O código é escolhido em lista na aba Movimentações, nunca digitado. Isso evita espaço extra e letra errada.
A9: 3. Sobras de kit são lançadas por medida (1/4, 1/2, 3/4 ou 1 kit) e viram fração do kit automaticamente.
A10: 4. Se sair mais sobra do que existe, o Status do produto mostra "Saldo de sobras negativo" e o Painel conta o alerta.
A11: 5. As fórmulas já estão prontas até a linha 505 de Movimentações. Não deixe linhas sem fórmula ao copiar e colar.
A12: 6. Kits e acessórios são somados separadamente no Painel.
A14: STATUS DO ESTOQUE
A15: OK: saldo acima do mínimo. Repor: saldo igual ou abaixo do mínimo. Os demais status indicam dado a corrigir.
... A18: Frações de sobra (aba Listas) e estoque mínimo por produto são valores de exemplo definidos neste modelo. Ajuste à sua operação.

Sheet Listas
A1: Medida da sobra | B1: Fração do kit | D1: Tipo de movimentação | F1: Fornecedor | H1: Tipo de item
A2: 1/4 kit | B2: 0.25 | D2: Entrada | F2: Fornecedor Alfa | H2: Kit
A3: 1/2 kit | B3: 0.5 | D3: Saída | F3: Fornecedor Beta | H3: Acessório
A4: 3/4 kit | B4: 0.75 | D4: Retorno de sobra
A5: 1 kit | B5: 1 | D5: Saída de sobra
A8: Fração do kit: valores fixos escolhidos para o modelo (premissa). Troque se a sua operação usar outras medidas.

Sheet Estoque
A1: ESTOQUE (calculado a partir das Movimentações)
A2: Dados 100% fictícios, apenas para demonstração. Células amarelas = você preenche. Células cinza = fórmulas, não edite.
A3: Cadastre produtos nas linhas 6 a 45. Cada código só pode existir uma vez.
A5: Código | B5: Fornecedor | C5: Produto | D5: Tipo | E5: Estoque mínimo | F5: Entradas | G5: Saídas | H5: Saldo lacrado | I5: Sobras que entraram (kits) | J5: Sobras que saíram (kits) | K5: Saldo de sobras (kits) | L5: Status
A6: KT-01 | B6: Fornecedor Alfa | C6: Kit Cinza Claro | D6: Kit | E6: 2 | F6: =IF($A6="","",SUMIFS(Movimentações!$I$6:$I$505,Movimentações!$C$6:$C$505,$A6,Movimentações!$B$6:$B$505,"Entrada")) -> 8 | G6: =IF($A6="","",SUMIFS(Movimentações!$I$6:$I$505,Movimentações!$C$6:$C$505,$A6,Movimentações!$B$6:$B$505,"Saída")) -> 5 | H6: =IF($A6="","",F6-G6) -> 3 | I6: =IF($A6="","",SUMIFS(Movimentações!$I$6:$I$505,Movimentações!$C$6:$C$505,$A6,Movimentações!$B$6:$B$505,"Retorno de sobra")) -> 0.75 | J6: =IF($A6="","",SUMIFS(Movimentações!$I$6:$I$505,Movimentações!$C$6:$C$505,$A6,Movimentações!$B$6:$B$505,"Saída de sobra")) -> 0.5 | K6: =IF($A6="","",I6-J6) -> 0.25 | L6: =IF($A6="","",IF(COUNTIF($A$6:$A$45,$A6)>1,"Código duplicado",IF($K6<0,"Saldo de sobras negativo",IF($H6<0,"Saldo lacrado negativo",IF($H6<=$E6,"Repor","OK"))))) -> OK
A7: KT-02 | B7: Fornecedor Alfa | C7: Kit Preto | D7: Kit | E7: 2 | F7: =IF($A7="","",SUMIFS(Movimentações!$I$6:$I$505,Movimentações!$C$6:$C$505,$A7,Movimentações!$B$6:$B$505,"Entrada")) -> 6 | G7: =IF($A7="","",SUMIFS(Movimentações!$I$6:$I$505,Movimentações!$C$6:$C$505,$A7,Movimentações!$B$6:$B$505,"Saída")) -> 4 | H7: =IF($A7="","",F7-G7) -> 2 | I7: =IF($A7="","",SUMIFS(Movimentações!$I$6:$I$505,Movimentações!$C$6:$C$505,$A7,Movimentações!$B$6:$B$505,"Retorno de sobra")) -> 0.25 | J7: =IF($A7="","",SUMIFS(Movimentações!$I$6:$I$505,Movimentações!$C$6:$C$505,$A7,Movimentações!$B$6:$B$505,"Saída de sobra")) -> 0 | K7: =IF($A7="","",I7-J7) -> 0.25 | L7: =IF($A7="","",IF(COUNTIF($A$6:$A$45,$A7)>1,"Código duplicado",IF($K7<0,"Saldo de sobras negativo",IF($H7<0,"Saldo lacrado negativo",IF($H7<=$E7,"Repor","OK"))))) -> Repor
A8: KT-03 | B8: Fornecedor Alfa | C8: Kit Grafite | D8: Kit | E8: 2 | F8: =IF($A8="","",SUMIFS(Movimentações!$I$6:$I$505,Movimentações!$C$6:$C$505,$A8,Movimentações!$B$6:$B$505,"Entrada")) -> 5 | G8: =IF($A8="","",SUMIFS(Movimentações!$I$6:$I$505,Movimentações!$C$6:$C$505,$A8,Movimentações!$B$6:$B$505,"Saída")) -> 4 | H8: =IF($A8="","",F8-G8) -> 1 | I8: =IF($A8="","",SUMIFS(Movimentações!$I$6:$I$505,Movimentações!$C$6:$C$505,$A8,Movimentações!$B$6:$B$505,"Retorno de sobra")) -> 0.25 | J8: =IF($A8="","",SUMIFS(Movimentações!$I$6:$I$505,Movimentações!$C$6:$C$505,$A8,Movimentações!$B$6:$B$505,"Saída de sobra")) -> 0 | K8: =IF($A8="","",I8-J8) -> 0.25 | L8: =IF($A8="","",IF(COUNTIF($A$6:$A$45,$A8)>1,"Código duplicado",IF($K8<0,"Saldo de sobras negativo",IF($H8<0,"Saldo lacrado negativo",IF($H8<=$E8,"Repor","OK"))))) -> Repor
A9: KT-04 | B9: Fornecedor Alfa | C9: Kit Bege | D9: Kit | E9: 2 | F9: =IF($A9="","",SUMIFS(Movimentações!$I$6:$I$505,Movimentações!$C$6:$C$505,$A9,Movimentações!$B$6:$B$505,"Entrada")) -> 4 | G9: =IF($A9="","",SUMIFS(Movimentações!$I$6:$I$505,Movimentações!$C$6:$C$505,$A9,Movimentações!$B$6:$B$505,"Saída")) -> 3 | H9: =IF($A9="","",F9-G9) -> 1 | I9: =IF($A9="","",SUMIFS(Movimentações!$I$6:$I$505,Movimentações!$C$6:$C$505,$A9,Movimentações!$B$6:$B$505,"Retorno de sobra")) -> 0 | J9: =IF($A9="","",SUMIFS(Movimentações!$I$6:$I$505,Movimentações!$C$6:$C$505,$A9,Movimentações!$B$6:$B$505,"Saída de sobra")) -> 0 | K9: =IF($A9="","",I9-J9) -> 0 | L9: =IF($A9="","",IF(COUNTIF($A$6:$A$45,$A9)>1,"Código duplicado",IF($K9<0,"Saldo de sobras negativo",IF($H9<0,"Saldo lacrado negativo",IF($H9<=$E9,"Repor","OK"))))) -> Repor
A10: KT-05 | B10: Fornecedor Beta | C10: Kit Areia | D10: Kit | E10: 2 | F10: =IF($A10="","",SUMIFS(Movimentações!$I$6:$I$505,Movimentações!$C$6:$C$505,$A10,Movimentações!$B$6:$B$505,"Entrada")) -> 6 | G10: =IF($A10="","",SUMIFS(Movimentações!$I$6:$I$505,Movimentações!$C$6:$C$505,$A10,Movimentações!$B$6:$B$505,"Saída")) -> 3 | H10: =IF($A10="","",F10-G10) -> 3 | I10: =IF($A10="","",SUMIFS(Movimentações!$I$6:$I$505,Movimentações!$C$6:$C$505,$A10,Movimentações!$B$6:$B$505,"Retorno de sobra")) -> 0.75 | J10: =IF($A10="","",SUMIFS(Movimentações!$I$6:$I$505,Movimentações!$C$6:$C$505,$A10,Movimentações!$B$6:$B$505,"Saída de sobra")) -> 0.25 | K10: =IF($A10="","",I10-J10) -> 0.5 | L10: =IF($A10="","",IF(COUNTIF($A$6:$A$45,$A10)>1,"Código duplicado",IF($K10<0,"Saldo de sobras negativo",IF($H10<0,"Saldo lacrado negativo",IF($H10<=$E10,"Repor","OK"))))) -> OK
A11: KT-06 | B11: Fornecedor Beta | C11: Kit Azul Marinho | D11: Kit | E11: 2 | F11: =IF($A11="","",SUMIFS(Movimentações!$I$6:$I$505,Movimentações!$C$6:$C$505,$A11,Movimentações!$B$6:$B$505,"Entrada")) -> 4 | G11: =IF($A11="","",SUMIFS(Movimentações!$I$6:$I$505,Movimentações!$C$6:$C$505,$A11,Movimentações!$B$6:$B$505,"Saída")) -> 2 | H11: =IF($A11="","",F11-G11) -> 2 | I11: =IF($A11="","",SUMIFS(Movimentações!$I$6:$I$505,Movimentações!$C$6:$C$505,$A11,Movimentações!$B$6:$B$505,"Retorno de sobra")) -> 0 | J11: =IF($A11="","",SUMIFS(Movimentações!$I$6:$I$505,Movimentações!$C$6:$C$505,$A11,Movimentações!$B$6:$B$505,"Saída de sobra")) -> 0 | K11: =IF($A11="","",I11-J11) -> 0 | L11: =IF($A11="","",IF(COUNTIF($A$6:$A$45,$A11)>1,"Código duplicado",IF($K11<0,"Saldo de sobras negativo",IF($H11<0,"Saldo lacrado negativo",IF($H11<=$E11,"Repor","OK"))))) -> Repor
A12: KT-07 | B12: Fornecedor Beta | C12: Kit Branco | D12: Kit | E12: 2 | F12: =IF($A12="","",SUMIFS(Movimentações!$I$6:$I$505,Movimentações!$C$6:$C$505,$A12,Movimentações!$B$6:$B$505,"Entrada")) -> 6 | G12: =IF($A12="","",SUMIFS(Movimentações!$I$6:$I$505,Movimentações!$C$6:$C$505,$A12,Movimentações!$B$6:$B$505,"Saída")) -> 2 | H12: =IF($A12="","",F12-G12) -> 4 | I12: =IF($A12="","",SUMIFS(Movimentações!$I$6:$I$505,Movimentações!$C$6:$C$505,$A12,Movimentações!$B$6:$B$505,"Retorno de sobra")) -> 0 | J12: =IF($A12="","",SUMIFS(Movimentações!$I$6:$I$505,Movimentações!$C$6:$C$505,$A12,Movimentações!$B$6:$B$505,"Saída de sobra")) -> 0 | K12: =IF($A12="","",I12-J12) -> 0 | L12: =IF($A12="","",IF(COUNTIF($A$6:$A$45,$A12)>1,"Código duplicado",IF($K12<0,"Saldo de sobras negativo",IF($H12<0,"Saldo lacrado negativo",IF($H12<=$E12,"Repor","OK"))))) -> OK
A13: KT-08 | B13: Fornecedor Beta | C13: Kit Terracota | D13: Kit | E13: 2 | F13: =IF($A13="","",SUMIFS(Movimentações!$I$6:$I$505,Movimentações!$C$6:$C$505,$A13,Movimentações!$B$6:$B$505,"Entrada")) -> 3 | G13: =IF($A13="","",SUMIFS(Movimentações!$I$6:$I$505,Movimentações!$C$6:$C$505,$A13,Movimentações!$B$6:$B$505,"Saída")) -> 1 | H13: =IF($A13="","",F13-G13) -> 2 | I13: =IF($A13="","",SUMIFS(Movimentações!$I$6:$I$505,Movimentações!$C$6:$C$505,$A13,Movimentações!$B$6:$B$505,"Retorno de sobra")) -> 0 | J13: =IF($A13="","",SUMIFS(Movimentações!$I$6:$I$505,Movimentações!$C$6:$C$505,$A13,Movimentações!$B$6:$B$505,"Saída de sobra")) -> 0 | K13: =IF($A13="","",I13-J13) -> 0 | L13: =IF($A13="","",IF(COUNTIF($A$6:$A$45,$A13)>1,"Código duplicado",IF($K13<0,"Saldo de sobras negativo",IF($H13<0,"Saldo lacrado negativo",IF($H13<=$E13,"Repor","OK"))))) -> Repor
A14: AC-01 | B14: Fornecedor Alfa | C14: Selador de acabamento | D14: Acessório | E14: 3 | F14: =IF($A14="","",SUMIFS(Movimentações!$I$6:$I$505,Movimentações!$C$6:$C$505,$A14,Movimentações!$B$6:$B$505,"Entrada")) -> 10 | G14: =IF($A14="","",SUMIFS(Movimentações!$I$6:$I$505,Movimentações!$C$6:$C$505,$A14,Movimentações!$B$6:$B$505,"Saída")) -> 6 | H14: =IF($A14="","",F14-G14) -> 4 | I14: =IF($A14="","",SUMIFS(Movimentações!$I$6:$I$505,Movimentações!$C$6:$C$505,$A14,Movimentações!$B$6:$B$505,"Retorno de sobra")) -> 0 | J14: =IF($A14="","",SUMIFS(Movimentações!$I$6:$I$505,Movimentações!$C$6:$C$505,$A14,Movimentações!$B$6:$B$505,"Saída de sobra")) -> 0 | K14: =IF($A14="","",I14-J14) -> 0 | L14: =IF($A14="","",IF(COUNTIF($A$6:$A$45,$A14)>1,"Código duplicado",IF($K14<0,"Saldo de sobras negativo",IF($H14<0,"Saldo lacrado negativo",IF($H14<=$E14,"Repor","OK"))))) -> OK
A15: AC-02 | B15: Fornecedor Alfa | C15: Balde 5 L | D15: Acessório | E15: 5 | F15: =IF($A15="","",SUMIFS(Movimentações!$I$6:$I$505,Movimentações!$C$6:$C$505,$A15,Movimentações!$B$6:$B$505,"Entrada")) -> 12 | G15: =IF($A15="","",SUMIFS(Movimentações!$I$6:$I$505,Movimentações!$C$6:$C$505,$A15,Movimentações!$B$6:$B$505,"Saída")) -> 8 | H15: =IF($A15="","",F15-G15) -> 4 | I15: =IF($A15="","",SUMIFS(Movimentações!$I$6:$I$505,Movimentações!$C$6:$C$505,$A15,Movimentações!$B$6:$B$505,"Retorno de sobra")) -> 0 | J15: =IF($A15="","",SUMIFS(Movimentações!$I$6:$I$505,Movimentações!$C$6:$C$505,$A15,Movimentações!$B$6:$B$505,"Saída de sobra")) -> 0 | K15: =IF($A15="","",I15-J15) -> 0 | L15: =IF($A15="","",IF(COUNTIF($A$6:$A$45,$A15)>1,"Código duplicado",IF($K15<0,"Saldo de sobras negativo",IF($H15<0,"Saldo lacrado negativo",IF($H15<=$E15,"Repor","OK"))))) -> Repor
A16: AC-03 | B16: Fornecedor Beta | C16: Pincel | D16: Acessório | E16: 4 | F16: =IF($A16="","",SUMIFS(Movimentações!$I$6:$I$505,Movimentações!$C$6:$C$505,$A16,Movimentações!$B$6:$B$505,"Entrada")) -> 8 | G16: =IF($A16="","",SUMIFS(Movimentações!$I$6:$I$505,Movimentações!$C$6:$C$505,$A16,Movimentações!$B$6:$B$505,"Saída")) -> 5 | H16: =IF($A16="","",F16-G16) -> 3 | I16: =IF($A16="","",SUMIFS(Movimentações!$I$6:$I$505,Movimentações!$C$6:$C$505,$A16,Movimentações!$B$6:$B$505,"Retorno de sobra")) -> 0 | J16: =IF($A16="","",SUMIFS(Movimentações!$I$6:$I$505,Movimentações!$C$6:$C$505,$A16,Movimentações!$B$6:$B$505,"Saída de sobra")) -> 0 | K16: =IF($A16="","",I16-J16) -> 0 | L16: =IF($A16="","",IF(COUNTIF($A$6:$A$45,$A16)>1,"Código duplicado",IF($K16<0,"Saldo de sobras negativo",IF($H16<0,"Saldo lacrado negativo",IF($H16<=$E16,"Repor","OK"))))) -> Repor
A17: AC-04 | B17: Fornecedor Beta | C17: Rolo | D17: Acessório | E17: 4 | F17: =IF($A17="","",SUMIFS(Movimentações!$I$6:$I$505,Movimentações!$C$6:$C$505,$A17,Movimentações!$B$6:$B$505,"Entrada")) -> 8 | G17: =IF($A17="","",SUMIFS(Movimentações!$I$6:$I$505,Movimentações!$C$6:$C$505,$A17,Movimentações!$B$6:$B$505,"Saída")) -> 3 | H17: =IF($A17="","",F17-G17) -> 5 | I17: =IF($A17="","",SUMIFS(Movimentações!$I$6:$I$505,Movimentações!$C$6:$C$505,$A17,Movimentações!$B$6:$B$505,"Retorno de sobra")) -> 0 | J17: =IF($A17="","",SUMIFS(Movimentações!$I$6:$I$505,Movimentações!$C$6:$C$505,$A17,Movimentações!$B$6:$B$505,"Saída de sobra")) -> 0 | K17: =IF($A17="","",I17-J17) -> 0 | L17: =IF($A17="","",IF(COUNTIF($A$6:$A$45,$A17)>1,"Código duplicado",IF($K17<0,"Saldo de sobras negativo",IF($H17<0,"Saldo lacrado negativo",IF($H17<=$E17,"Repor","OK"))))) -> OK
... A19: AC-06 | B19: Fornecedor Alfa | C19: Caixa de luvas | D19: Acessório | E19: 2 | F19: =IF($A19="","",SUMIFS(Movimentações!$I$6:$I$505,Movimentações!$C$6:$C$505,$A19,Movimentações!$B$6:$B$505,"Entrada")) -> 6 | G19: =IF($A19="","",SUMIFS(Movimentações!$I$6:$I$505,Movimentações!$C$6:$C$505,$A19,Movimentações!$B$6:$B$505,"Saída")) -> 2 | H19: =IF($A19="","",F19-G19) -> 4 | I19: =IF($A19="","",SUMIFS(Movimentações!$I$6:$I$505,Movimentações!$C$6:$C$505,$A19,Movimentações!$B$6:$B$505,"Retorno de sobra")) -> 0 | J19: =IF($A19="","",SUMIFS(Movimentações!$I$6:$I$505,Movimentações!$C$6:$C$505,$A19,Movimentações!$B$6:$B$505,"Saída de sobra")) -> 0 | K19: =IF($A19="","",I19-J19) -> 0 | L19: =IF($A19="","",IF(COUNTIF($A$6:$A$45,$A19)>1,"Código duplicado",IF($K19<0,"Saldo de sobras negativo",IF($H19<0,"Saldo lacrado negativo",IF($H19<=$E19,"Repor","OK"))))) -> OK
F20: =IF($A20="","",SUMIFS(Movimentações!$I$6:$I$505,Movimentações!$C$6:$C$505,$A20,Movimentações!$B$6:$B$505,"Entrada")) | G20: =IF($A20="","",SUMIFS(Movimentações!$I$6:$I$505,Movimentações!$C$6:$C$505,$A20,Movimentações!$B$6:$B$505,"Saída")) | H20: =IF($A20="","",F20-G20) | I20: =IF($A20="","",SUMIFS(Movimentações!$I$6:$I$505,Movimentações!$C$6:$C$505,$A20,Movimentações!$B$6:$B$505,"Retorno de sobra")) | J20: =IF($A20="","",SUMIFS(Movimentações!$I$6:$I$505,Movimentações!$C$6:$C$505,$A20,Movimentações!$B$6:$B$505,"Saída de sobra")) | K20: =IF($A20="","",I20-J20) | L20: =IF($A20="","",IF(COUNTIF($A$6:$A$45,$A20)>1,"Código duplicado",IF($K20<0,"Saldo de sobras negativo",IF($H20<0,"Saldo lacrado negativo",IF($H20<=$E20,"Repor","OK")))))
F21: =IF($A21="","",SUMIFS(Movimentações!$I$6:$I$505,Movimentações!$C$6:$C$505,$A21,Movimentações!$B$6:$B$505,"Entrada")) | G21: =IF($A21="","",SUMIFS(Movimentações!$I$6:$I$505,Movimentações!$C$6:$C$505,$A21,Movimentações!$B$6:$B$505,"Saída")) | H21: =IF($A21="","",F21-G21) | I21: =IF($A21="","",SUMIFS(Movimentações!$I$6:$I$505,Movimentações!$C$6:$C$505,$A21,Movimentações!$B$6:$B$505,"Retorno de sobra")) | J21: =IF($A21="","",SUMIFS(Movimentações!$I$6:$I$505,Movimentações!$C$6:$C$505,$A21,Movimentações!$B$6:$B$505,"Saída de sobra")) | K21: =IF($A21="","",I21-J21) | L21: =IF($A21="","",IF(COUNTIF($A$6:$A$45,$A21)>1,"Código duplicado",IF($K21<0,"Saldo de sobras negativo",IF($H21<0,"Saldo lacrado negativo",IF($H21<=$E21,"Repor","OK")))))
F22: =IF($A22="","",SUMIFS(Movimentações!$I$6:$I$505,Movimentações!$C$6:$C$505,$A22,Movimentações!$B$6:$B$505,"Entrada")) | G22: =IF($A22="","",SUMIFS(Movimentações!$I$6:$I$505,Movimentações!$C$6:$C$505,$A22,Movimentações!$B$6:$B$505,"Saída")) | H22: =IF($A22="","",F22-G22) | I22: =IF($A22="","",SUMIFS(Movimentações!$I$6:$I$505,Movimentações!$C$6:$C$505,$A22,Movimentações!$B$6:$B$505,"Retorno de sobra")) | J22: =IF($A22="","",SUMIFS(Movimentações!$I$6:$I$505,Movimentações!$C$6:$C$505,$A22,Movimentações!$B$6:$B$505,"Saída de sobra")) | K22: =IF($A22="","",I22-J22) | L22: =IF($A22="","",IF(COUNTIF($A$6:$A$45,$A22)>1,"Código duplicado",IF($K22<0,"Saldo de sobras negativo",IF($H22<0,"Saldo lacrado negativo",IF($H22<=$E22,"Repor","OK")))))
F23: =IF($A23="","",SUMIFS(Movimentações!$I$6:$I$505,Movimentações!$C$6:$C$505,$A23,Movimentações!$B$6:$B$505,"Entrada")) | G23: =IF($A23="","",SUMIFS(Movimentações!$I$6:$I$505,Movimentações!$C$6:$C$505,$A23,Movimentações!$B$6:$B$505,"Saída")) | H23: =IF($A23="","",F23-G23) | I23: =IF($A23="","",SUMIFS(Movimentações!$I$6:$I$505,Movimentações!$C$6:$C$505,$A23,Movimentações!$B$6:$B$505,"Retorno de sobra")) | J23: =IF($A23="","",SUMIFS(Movimentações!$I$6:$I$505,Movimentações!$C$6:$C$505,$A23,Movimentações!$B$6:$B$505,"Saída de sobra")) | K23: =IF($A23="","",I23-J23) | L23: =IF($A23="","",IF(COUNTIF($A$6:$A$45,$A23)>1,"Código duplicado",IF($K23<0,"Saldo de sobras negativo",IF($H23<0,"Saldo lacrado negativo",IF($H23<=$E23,"Repor","OK")))))
F24: =IF($A24="","",SUMIFS(Movimentações!$I$6:$I$505,Movimentações!$C$6:$C$505,$A24,Movimentações!$B$6:$B$505,"Entrada")) | G24: =IF($A24="","",SUMIFS(Movimentações!$I$6:$I$505,Movimentações!$C$6:$C$505,$A24,Movimentações!$B$6:$B$505,"Saída")) | H24: =IF($A24="","",F24-G24) | I24: =IF($A24="","",SUMIFS(Movimentações!$I$6:$I$505,Movimentações!$C$6:$C$505,$A24,Movimentações!$B$6:$B$505,"Retorno de sobra")) | J24: =IF($A24="","",SUMIFS(Movimentações!$I$6:$I$505,Movimentações!$C$6:$C$505,$A24,Movimentações!$B$6:$B$505,"Saída de sobra")) | K24: =IF($A24="","",I24-J24) | L24: =IF($A24="","",IF(COUNTIF($A$6:$A$45,$A24)>1,"Código duplicado",IF($K24<0,"Saldo de sobras negativo",IF($H24<0,"Saldo lacrado negativo",IF($H24<=$E24,"Repor","OK")))))
F25: =IF($A25="","",SUMIFS(Movimentações!$I$6:$I$505,Movimentações!$C$6:$C$505,$A25,Movimentações!$B$6:$B$505,"Entrada")) | G25: =IF($A25="","",SUMIFS(Movimentações!$I$6:$I$505,Movimentações!$C$6:$C$505,$A25,Movimentações!$B$6:$B$505,"Saída")) | H25: =IF($A25="","",F25-G25) | I25: =IF($A25="","",SUMIFS(Movimentações!$I$6:$I$505,Movimentações!$C$6:$C$505,$A25,Movimentações!$B$6:$B$505,"Retorno de sobra")) | J25: =IF($A25="","",SUMIFS(Movimentações!$I$6:$I$505,Movimentações!$C$6:$C$505,$A25,Movimentações!$B$6:$B$505,"Saída de sobra")) | K25: =IF($A25="","",I25-J25) | L25: =IF($A25="","",IF(COUNTIF($A$6:$A$45,$A25)>1,"Código duplicado",IF($K25<0,"Saldo de sobras negativo",IF($H25<0,"Saldo lacrado negativo",IF($H25<=$E25,"Repor","OK")))))
F26: =IF($A26="","",SUMIFS(Movimentações!$I$6:$I$505,Movimentações!$C$6:$C$505,$A26,Movimentações!$B$6:$B$505,"Entrada")) | G26: =IF($A26="","",SUMIFS(Movimentações!$I$6:$I$505,Movimentações!$C$6:$C$505,$A26,Movimentações!$B$6:$B$505,"Saída")) | H26: =IF($A26="","",F26-G26) | I26: =IF($A26="","",SUMIFS(Movimentações!$I$6:$I$505,Movimentações!$C$6:$C$505,$A26,Movimentações!$B$6:$B$505,"Retorno de sobra")) | J26: =IF($A26="","",SUMIFS(Movimentações!$I$6:$I$505,Movimentações!$C$6:$C$505,$A26,Movimentações!$B$6:$B$505,"Saída de sobra")) | K26: =IF($A26="","",I26-J26) | L26: =IF($A26="","",IF(COUNTIF($A$6:$A$45,$A26)>1,"Código duplicado",IF($K26<0,"Saldo de sobras negativo",IF($H26<0,"Saldo lacrado negativo",IF($H26<=$E26,"Repor","OK")))))
F27: =IF($A27="","",SUMIFS(Movimentações!$I$6:$I$505,Movimentações!$C$6:$C$505,$A27,Movimentações!$B$6:$B$505,"Entrada")) | G27: =IF($A27="","",SUMIFS(Movimentações!$I$6:$I$505,Movimentações!$C$6:$C$505,$A27,Movimentações!$B$6:$B$505,"Saída")) | H27: =IF($A27="","",F27-G27) | I27: =IF($A27="","",SUMIFS(Movimentações!$I$6:$I$505,Movimentações!$C$6:$C$505,$A27,Movimentações!$B$6:$B$505,"Retorno de sobra")) | J27: =IF($A27="","",SUMIFS(Movimentações!$I$6:$I$505,Movimentações!$C$6:$C$505,$A27,Movimentações!$B$6:$B$505,"Saída de sobra")) | K27: =IF($A27="","",I27-J27) | L27: =IF($A27="","",IF(COUNTIF($A$6:$A$45,$A27)>1,"Código duplicado",IF($K27<0,"Saldo de sobras negativo",IF($H27<0,"Saldo lacrado negativo",IF($H27<=$E27,"Repor","OK")))))
F28: =IF($A28="","",SUMIFS(Movimentações!$I$6:$I$505,Movimentações!$C$6:$C$505,$A28,Movimentações!$B$6:$B$505,"Entrada")) | G28: =IF($A28="","",SUMIFS(Movimentações!$I$6:$I$505,Movimentações!$C$6:$C$505,$A28,Movimentações!$B$6:$B$505,"Saída")) | H28: =IF($A28="","",F28-G28) | I28: =IF($A28="","",SUMIFS(Movimentações!$I$6:$I$505,Movimentações!$C$6:$C$505,$A28,Movimentações!$B$6:$B$505,"Retorno de sobra")) | J28: =IF($A28="","",SUMIFS(Movimentações!$I$6:$I$505,Movimentações!$C$6:$C$505,$A28,Movimentações!$B$6:$B$505,"Saída de sobra")) | K28: =IF($A28="","",I28-J28) | L28: =IF($A28="","",IF(COUNTIF($A$6:$A$45,$A28)>1,"Código duplicado",IF($K28<0,"Saldo de sobras negativo",IF($H28<0,"Saldo lacrado negativo",IF($H28<=$E28,"Repor","OK")))))
F29: =IF($A29="","",SUMIFS(Movimentações!$I$6:$I$505,Movimentações!$C$6:$C$505,$A29,Movimentações!$B$6:$B$505,"Entrada")) | G29: =IF($A29="","",SUMIFS(Movimentações!$I$6:$I$505,Movimentações!$C$6:$C$505,$A29,Movimentações!$B$6:$B$505,"Saída")) | H29: =IF($A29="","",F29-G29) | I29: =IF($A29="","",SUMIFS(Movimentações!$I$6:$I$505,Movimentações!$C$6:$C$505,$A29,Movimentações!$B$6:$B$505,"Retorno de sobra")) | J29: =IF($A29="","",SUMIFS(Movimentações!$I$6:$I$505,Movimentações!$C$6:$C$505,$A29,Movimentações!$B$6:$B$505,"Saída de sobra")) | K29: =IF($A29="","",I29-J29) | L29: =IF($A29="","",IF(COUNTIF($A$6:$A$45,$A29)>1,"Código duplicado",IF($K29<0,"Saldo de sobras negativo",IF($H29<0,"Saldo lacrado negativo",IF($H29<=$E29,"Repor","OK")))))
F30: =IF($A30="","",SUMIFS(Movimentações!$I$6:$I$505,Movimentações!$C$6:$C$505,$A30,Movimentações!$B$6:$B$505,"Entrada")) | G30: =IF($A30="","",SUMIFS(Movimentações!$I$6:$I$505,Movimentações!$C$6:$C$505,$A30,Movimentações!$B$6:$B$505,"Saída")) | H30: =IF($A30="","",F30-G30) | I30: =IF($A30="","",SUMIFS(Movimentações!$I$6:$I$505,Movimentações!$C$6:$C$505,$A30,Movimentações!$B$6:$B$505,"Retorno de sobra")) | J30: =IF($A30="","",SUMIFS(Movimentações!$I$6:$I$505,Movimentações!$C$6:$C$505,$A30,Movimentações!$B$6:$B$505,"Saída de sobra")) | K30: =IF($A30="","",I30-J30) | L30: =IF($A30="","",IF(COUNTIF($A$6:$A$45,$A30)>1,"Código duplicado",IF($K30<0,"Saldo de sobras negativo",IF($H30<0,"Saldo lacrado negativo",IF($H30<=$E30,"Repor","OK")))))
F31: =IF($A31="","",SUMIFS(Movimentações!$I$6:$I$505,Movimentações!$C$6:$C$505,$A31,Movimentações!$B$6:$B$505,"Entrada")) | G31: =IF($A31="","",SUMIFS(Movimentações!$I$6:$I$505,Movimentações!$C$6:$C$505,$A31,Movimentações!$B$6:$B$505,"Saída")) | H31: =IF($A31="","",F31-G31) | I31: =IF($A31="","",SUMIFS(Movimentações!$I$6:$I$505,Movimentações!$C$6:$C$505,$A31,Movimentações!$B$6:$B$505,"Retorno de sobra")) | J31: =IF($A31="","",SUMIFS(Movimentações!$I$6:$I$505,Movimentações!$C$6:$C$505,$A31,Movimentações!$B$6:$B$505,"Saída de sobra")) | K31: =IF($A31="","",I31-J31) | L31: =IF($A31="","",IF(COUNTIF($A$6:$A$45,$A31)>1,"Código duplicado",IF($K31<0,"Saldo de sobras negativo",IF($H31<0,"Saldo lacrado negativo",IF($H31<=$E31,"Repor","OK")))))
... F45: =IF($A45="","",SUMIFS(Movimentações!$I$6:$I$505,Movimentações!$C$6:$C$505,$A45,Movimentações!$B$6:$B$505,"Entrada")) | G45: =IF($A45="","",SUMIFS(Movimentações!$I$6:$I$505,Movimentações!$C$6:$C$505,$A45,Movimentações!$B$6:$B$505,"Saída")) | H45: =IF($A45="","",F45-G45) | I45: =IF($A45="","",SUMIFS(Movimentações!$I$6:$I$505,Movimentações!$C$6:$C$505,$A45,Movimentações!$B$6:$B$505,"Retorno de sobra")) | J45: =IF($A45="","",SUMIFS(Movimentações!$I$6:$I$505,Movimentações!$C$6:$C$505,$A45,Movimentações!$B$6:$B$505,"Saída de sobra")) | K45: =IF($A45="","",I45-J45) | L45: =IF($A45="","",IF(COUNTIF($A$6:$A$45,$A45)>1,"Código duplicado",IF($K45<0,"Saldo de sobras negativo",IF($H45<0,"Saldo lacrado negativo",IF($H45<=$E45,"Repor","OK")))))

Sheet Movimentações
A1: MOVIMENTAÇÕES (registre aqui tudo que entra e sai)
A2: Preencha só as colunas amarelas. Escolha o código na lista, não digite. Fórmulas prontas até a linha 505.
A3: Sobras: escolha a medida (coluna G). A quantidade (H) é opcional e vale 1 se ficar em branco. Todos os dados abaixo são fictícios.
A5: Data | B5: Tipo de movimentação | C5: Código | D5: Produto | E5: Fornecedor | F5: Responsável | G5: Medida da sobra | H5: Quantidade | I5: Qtd considerada | J5: Alerta
A6: 46266 | B6: Entrada | C6: KT-01 | D6: =IF($C6="","",IFERROR(INDEX(Estoque!$C$6:$C$45,MATCH($C6,Estoque!$A$6:$A$45,0)),"Código não encontrado")) -> Kit Cinza Claro | E6: =IF($C6="","",IFERROR(INDEX(Estoque!$B$6:$B$45,MATCH($C6,Estoque!$A$6:$A$45,0)),"Código não encontrado")) -> Fornecedor Alfa | F6: Compras | H6: 8 | I6: =IF(OR($B6="",$C6=""),"",IF(OR($B6="Retorno de sobra",$B6="Saída de sobra"),IFERROR(VLOOKUP($G6,Listas!$A$2:$B$5,2,FALSE()),0)*IF($H6="",1,$H6),$H6)) -> 8 | J6: =IF($C6="","",IF(ISNA(MATCH($C6,Estoque!$A$6:$A$45,0)),"⚠ Código não encontrado",IF(AND(OR($B6="Retorno de sobra",$B6="Saída de sobra"),$G6=""),"⚠ Escolha a medida da sobra",IF(AND(OR($B6="Entrada",$B6="Saída"),$H6=""),"⚠ Informe a quantidade","OK")))) -> OK
A7: 46266 | B7: Entrada | C7: KT-02 | D7: =IF($C7="","",IFERROR(INDEX(Estoque!$C$6:$C$45,MATCH($C7,Estoque!$A$6:$A$45,0)),"Código não encontrado")) -> Kit Preto | E7: =IF($C7="","",IFERROR(INDEX(Estoque!$B$6:$B$45,MATCH($C7,Estoque!$A$6:$A$45,0)),"Código não encontrado")) -> Fornecedor Alfa | F7: Compras | H7: 6 | I7: =IF(OR($B7="",$C7=""),"",IF(OR($B7="Retorno de sobra",$B7="Saída de sobra"),IFERROR(VLOOKUP($G7,Listas!$A$2:$B$5,2,FALSE()),0)*IF($H7="",1,$H7),$H7)) -> 6 | J7: =IF($C7="","",IF(ISNA(MATCH($C7,Estoque!$A$6:$A$45,0)),"⚠ Código não encontrado",IF(AND(OR($B7="Retorno de sobra",$B7="Saída de sobra"),$G7=""),"⚠ Escolha a medida da sobra",IF(AND(OR($B7="Entrada",$B7="Saída"),$H7=""),"⚠ Informe a quantidade","OK")))) -> OK
A8: 46266 | B8: Entrada | C8: KT-03 | D8: =IF($C8="","",IFERROR(INDEX(Estoque!$C$6:$C$45,MATCH($C8,Estoque!$A$6:$A$45,0)),"Código não encontrado")) -> Kit Grafite | E8: =IF($C8="","",IFERROR(INDEX(Estoque!$B$6:$B$45,MATCH($C8,Estoque!$A$6:$A$45,0)),"Código não encontrado")) -> Fornecedor Alfa | F8: Compras | H8: 5 | I8: =IF(OR($B8="",$C8=""),"",IF(OR($B8="Retorno de sobra",$B8="Saída de sobra"),IFERROR(VLOOKUP($G8,Listas!$A$2:$B$5,2,FALSE()),0)*IF($H8="",1,$H8),$H8)) -> 5 | J8: =IF($C8="","",IF(ISNA(MATCH($C8,Estoque!$A$6:$A$45,0)),"⚠ Código não encontrado",IF(AND(OR($B8="Retorno de sobra",$B8="Saída de sobra"),$G8=""),"⚠ Escolha a medida da sobra",IF(AND(OR($B8="Entrada",$B8="Saída"),$H8=""),"⚠ Informe a quantidade","OK")))) -> OK
A9: 46266 | B9: Entrada | C9: KT-04 | D9: =IF($C9="","",IFERROR(INDEX(Estoque!$C$6:$C$45,MATCH($C9,Estoque!$A$6:$A$45,0)),"Código não encontrado")) -> Kit Bege | E9: =IF($C9="","",IFERROR(INDEX(Estoque!$B$6:$B$45,MATCH($C9,Estoque!$A$6:$A$45,0)),"Código não encontrado")) -> Fornecedor Alfa | F9: Compras | H9: 4 | I9: =IF(OR($B9="",$C9=""),"",IF(OR($B9="Retorno de sobra",$B9="Saída de sobra"),IFERROR(VLOOKUP($G9,Listas!$A$2:$B$5,2,FALSE()),0)*IF($H9="",1,$H9),$H9)) -> 4 | J9: =IF($C9="","",IF(ISNA(MATCH($C9,Estoque!$A$6:$A$45,0)),"⚠ Código não encontrado",IF(AND(OR($B9="Retorno de sobra",$B9="Saída de sobra"),$G9=""),"⚠ Escolha a medida da sobra",IF(AND(OR($B9="Entrada",$B9="Saída"),$H9=""),"⚠ Informe a quantidade","OK")))) -> OK
A10: 46266 | B10: Entrada | C10: KT-05 | D10: =IF($C10="","",IFERROR(INDEX(Estoque!$C$6:$C$45,MATCH($C10,Estoque!$A$6:$A$45,0)),"Código não encontrado")) -> Kit Areia | E10: =IF($C10="","",IFERROR(INDEX(Estoque!$B$6:$B$45,MATCH($C10,Estoque!$A$6:$A$45,0)),"Código não encontrado")) -> Fornecedor Beta | F10: Compras | H10: 6 | I10: =IF(OR($B10="",$C10=""),"",IF(OR($B10="Retorno de sobra",$B10="Saída de sobra"),IFERROR(VLOOKUP($G10,Listas!$A$2:$B$5,2,FALSE()),0)*IF($H10="",1,$H10),$H10)) -> 6 | J10: =IF($C10="","",IF(ISNA(MATCH($C10,Estoque!$A$6:$A$45,0)),"⚠ Código não encontrado",IF(AND(OR($B10="Retorno de sobra",$B10="Saída de sobra"),$G10=""),"⚠ Escolha a medida da sobra",IF(AND(OR($B10="Entrada",$B10="Saída"),$H10=""),"⚠ Informe a quantidade","OK")))) -> OK
A11: 46266 | B11: Entrada | C11: KT-06 | D11: =IF($C11="","",IFERROR(INDEX(Estoque!$C$6:$C$45,MATCH($C11,Estoque!$A$6:$A$45,0)),"Código não encontrado")) -> Kit Azul Marinho | E11: =IF($C11="","",IFERROR(INDEX(Estoque!$B$6:$B$45,MATCH($C11,Estoque!$A$6:$A$45,0)),"Código não encontrado")) -> Fornecedor Beta | F11: Compras | H11: 4 | I11: =IF(OR($B11="",$C11=""),"",IF(OR($B11="Retorno de sobra",$B11="Saída de sobra"),IFERROR(VLOOKUP($G11,Listas!$A$2:$B$5,2,FALSE()),0)*IF($H11="",1,$H11),$H11)) -> 4 | J11: =IF($C11="","",IF(ISNA(MATCH($C11,Estoque!$A$6:$A$45,0)),"⚠ Código não encontrado",IF(AND(OR($B11="Retorno de sobra",$B11="Saída de sobra"),$G11=""),"⚠ Escolha a medida da sobra",IF(AND(OR($B11="Entrada",$B11="Saída"),$H11=""),"⚠ Informe a quantidade","OK")))) -> OK
A12: 46266 | B12: Entrada | C12: KT-07 | D12: =IF($C12="","",IFERROR(INDEX(Estoque!$C$6:$C$45,MATCH($C12,Estoque!$A$6:$A$45,0)),"Código não encontrado")) -> Kit Branco | E12: =IF($C12="","",IFERROR(INDEX(Estoque!$B$6:$B$45,MATCH($C12,Estoque!$A$6:$A$45,0)),"Código não encontrado")) -> Fornecedor Beta | F12: Compras | H12: 6 | I12: =IF(OR($B12="",$C12=""),"",IF(OR($B12="Retorno de sobra",$B12="Saída de sobra"),IFERROR(VLOOKUP($G12,Listas!$A$2:$B$5,2,FALSE()),0)*IF($H12="",1,$H12),$H12)) -> 6 | J12: =IF($C12="","",IF(ISNA(MATCH($C12,Estoque!$A$6:$A$45,0)),"⚠ Código não encontrado",IF(AND(OR($B12="Retorno de sobra",$B12="Saída de sobra"),$G12=""),"⚠ Escolha a medida da sobra",IF(AND(OR($B12="Entrada",$B12="Saída"),$H12=""),"⚠ Informe a quantidade","OK")))) -> OK
A13: 46266 | B13: Entrada | C13: KT-08 | D13: =IF($C13="","",IFERROR(INDEX(Estoque!$C$6:$C$45,MATCH($C13,Estoque!$A$6:$A$45,0)),"Código não encontrado")) -> Kit Terracota | E13: =IF($C13="","",IFERROR(INDEX(Estoque!$B$6:$B$45,MATCH($C13,Estoque!$A$6:$A$45,0)),"Código não encontrado")) -> Fornecedor Beta | F13: Compras | H13: 3 | I13: =IF(OR($B13="",$C13=""),"",IF(OR($B13="Retorno de sobra",$B13="Saída de sobra"),IFERROR(VLOOKUP($G13,Listas!$A$2:$B$5,2,FALSE()),0)*IF($H13="",1,$H13),$H13)) -> 3 | J13: =IF($C13="","",IF(ISNA(MATCH($C13,Estoque!$A$6:$A$45,0)),"⚠ Código não encontrado",IF(AND(OR($B13="Retorno de sobra",$B13="Saída de sobra"),$G13=""),"⚠ Escolha a medida da sobra",IF(AND(OR($B13="Entrada",$B13="Saída"),$H13=""),"⚠ Informe a quantidade","OK")))) -> OK
A14: 46266 | B14: Entrada | C14: AC-01 | D14: =IF($C14="","",IFERROR(INDEX(Estoque!$C$6:$C$45,MATCH($C14,Estoque!$A$6:$A$45,0)),"Código não encontrado")) -> Selador de acabamento | E14: =IF($C14="","",IFERROR(INDEX(Estoque!$B$6:$B$45,MATCH($C14,Estoque!$A$6:$A$45,0)),"Código não encontrado")) -> Fornecedor Alfa | F14: Compras | H14: 10 | I14: =IF(OR($B14="",$C14=""),"",IF(OR($B14="Retorno de sobra",$B14="Saída de sobra"),IFERROR(VLOOKUP($G14,Listas!$A$2:$B$5,2,FALSE()),0)*IF($H14="",1,$H14),$H14)) -> 10 | J14: =IF($C14="","",IF(ISNA(MATCH($C14,Estoque!$A$6:$A$45,0)),"⚠ Código não encontrado",IF(AND(OR($B14="Retorno de sobra",$B14="Saída de sobra"),$G14=""),"⚠ Escolha a medida da sobra",IF(AND(OR($B14="Entrada",$B14="Saída"),$H14=""),"⚠ Informe a quantidade","OK")))) -> OK
A15: 46266 | B15: Entrada | C15: AC-02 | D15: =IF($C15="","",IFERROR(INDEX(Estoque!$C$6:$C$45,MATCH($C15,Estoque!$A$6:$A$45,0)),"Código não encontrado")) -> Balde 5 L | E15: =IF($C15="","",IFERROR(INDEX(Estoque!$B$6:$B$45,MATCH($C15,Estoque!$A$6:$A$45,0)),"Código não encontrado")) -> Fornecedor Alfa | F15: Compras | H15: 12 | I15: =IF(OR($B15="",$C15=""),"",IF(OR($B15="Retorno de sobra",$B15="Saída de sobra"),IFERROR(VLOOKUP($G15,Listas!$A$2:$B$5,2,FALSE()),0)*IF($H15="",1,$H15),$H15)) -> 12 | J15: =IF($C15="","",IF(ISNA(MATCH($C15,Estoque!$A$6:$A$45,0)),"⚠ Código não encontrado",IF(AND(OR($B15="Retorno de sobra",$B15="Saída de sobra"),$G15=""),"⚠ Escolha a medida da sobra",IF(AND(OR($B15="Entrada",$B15="Saída"),$H15=""),"⚠ Informe a quantidade","OK")))) -> OK
A16: 46266 | B16: Entrada | C16: AC-03 | D16: =IF($C16="","",IFERROR(INDEX(Estoque!$C$6:$C$45,MATCH($C16,Estoque!$A$6:$A$45,0)),"Código não encontrado")) -> Pincel | E16: =IF($C16="","",IFERROR(INDEX(Estoque!$B$6:$B$45,MATCH($C16,Estoque!$A$6:$A$45,0)),"Código não encontrado")) -> Fornecedor Beta | F16: Compras | H16: 8 | I16: =IF(OR($B16="",$C16=""),"",IF(OR($B16="Retorno de sobra",$B16="Saída de sobra"),IFERROR(VLOOKUP($G16,Listas!$A$2:$B$5,2,FALSE()),0)*IF($H16="",1,$H16),$H16)) -> 8 | J16: =IF($C16="","",IF(ISNA(MATCH($C16,Estoque!$A$6:$A$45,0)),"⚠ Código não encontrado",IF(AND(OR($B16="Retorno de sobra",$B16="Saída de sobra"),$G16=""),"⚠ Escolha a medida da sobra",IF(AND(OR($B16="Entrada",$B16="Saída"),$H16=""),"⚠ Informe a quantidade","OK")))) -> OK
A17: 46266 | B17: Entrada | C17: AC-04 | D17: =IF($C17="","",IFERROR(INDEX(Estoque!$C$6:$C$45,MATCH($C17,Estoque!$A$6:$A$45,0)),"Código não encontrado")) -> Rolo | E17: =IF($C17="","",IFERROR(INDEX(Estoque!$B$6:$B$45,MATCH($C17,Estoque!$A$6:$A$45,0)),"Código não encontrado")) -> Fornecedor Beta | F17: Compras | H17: 8 | I17: =IF(OR($B17="",$C17=""),"",IF(OR($B17="Retorno de sobra",$B17="Saída de sobra"),IFERROR(VLOOKUP($G17,Listas!$A$2:$B$5,2,FALSE()),0)*IF($H17="",1,$H17),$H17)) -> 8 | J17: =IF($C17="","",IF(ISNA(MATCH($C17,Estoque!$A$6:$A$45,0)),"⚠ Código não encontrado",IF(AND(OR($B17="Retorno de sobra",$B17="Saída de sobra"),$G17=""),"⚠ Escolha a medida da sobra",IF(AND(OR($B17="Entrada",$B17="Saída"),$H17=""),"⚠ Informe a quantidade","OK")))) -> OK
... A33: 46278 | B33: Saída | C33: AC-06 | D33: =IF($C33="","",IFERROR(INDEX(Estoque!$C$6:$C$45,MATCH($C33,Estoque!$A$6:$A$45,0)),"Código não encontrado")) -> Caixa de luvas | E33: =IF($C33="","",IFERROR(INDEX(Estoque!$B$6:$B$45,MATCH($C33,Estoque!$A$6:$A$45,0)),"Código não encontrado")) -> Fornecedor Alfa | F33: Instalador C | H33: 2 | I33: =IF(OR($B33="",$C33=""),"",IF(OR($B33="Retorno de sobra",$B33="Saída de sobra"),IFERROR(VLOOKUP($G33,Listas!$A$2:$B$5,2,FALSE()),0)*IF($H33="",1,$H33),$H33)) -> 2 | J33: =IF($C33="","",IF(ISNA(MATCH($C33,Estoque!$A$6:$A$45,0)),"⚠ Código não encontrado",IF(AND(OR($B33="Retorno de sobra",$B33="Saída de sobra"),$G33=""),"⚠ Escolha a medida da sobra",IF(AND(OR($B33="Entrada",$B33="Saída"),$H33=""),"⚠ Informe a quantidade","OK")))) -> OK
A34: 46297 | B34: Retorno de sobra | C34: KT-01 | D34: =IF($C34="","",IFERROR(INDEX(Estoque!$C$6:$C$45,MATCH($C34,Estoque!$A$6:$A$45,0)),"Código não encontrado")) -> Kit Cinza Claro | E34: =IF($C34="","",IFERROR(INDEX(Estoque!$B$6:$B$45,MATCH($C34,Estoque!$A$6:$A$45,0)),"Código não encontrado")) -> Fornecedor Alfa | F34: Instalador A | G34: 1/2 kit | I34: =IF(OR($B34="",$C34=""),"",IF(OR($B34="Retorno de sobra",$B34="Saída de sobra"),IFERROR(VLOOKUP($G34,Listas!$A$2:$B$5,2,FALSE()),0)*IF($H34="",1,$H34),$H34)) -> 0.5 | J34: =IF($C34="","",IF(ISNA(MATCH($C34,Estoque!$A$6:$A$45,0)),"⚠ Código não encontrado",IF(AND(OR($B34="Retorno de sobra",$B34="Saída de sobra"),$G34=""),"⚠ Escolha a medida da sobra",IF(AND(OR($B34="Entrada",$B34="Saída"),$H34=""),"⚠ Informe a quantidade","OK")))) -> OK
A35: 46298 | B35: Retorno de sobra | C35: KT-01 | D35: =IF($C35="","",IFERROR(INDEX(Estoque!$C$6:$C$45,MATCH($C35,Estoque!$A$6:$A$45,0)),"Código não encontrado")) -> Kit Cinza Claro | E35: =IF($C35="","",IFERROR(INDEX(Estoque!$B$6:$B$45,MATCH($C35,Estoque!$A$6:$A$45,0)),"Código não encontrado")) -> Fornecedor Alfa | F35: Instalador B | G35: 1/4 kit | I35: =IF(OR($B35="",$C35=""),"",IF(OR($B35="Retorno de sobra",$B35="Saída de sobra"),IFERROR(VLOOKUP($G35,Listas!$A$2:$B$5,2,FALSE()),0)*IF($H35="",1,$H35),$H35)) -> 0.25 | J35: =IF($C35="","",IF(ISNA(MATCH($C35,Estoque!$A$6:$A$45,0)),"⚠ Código não encontrado",IF(AND(OR($B35="Retorno de sobra",$B35="Saída de sobra"),$G35=""),"⚠ Escolha a medida da sobra",IF(AND(OR($B35="Entrada",$B35="Saída"),$H35=""),"⚠ Informe a quantidade","OK")))) -> OK
A36: 46300 | B36: Retorno de sobra | C36: KT-02 | D36: =IF($C36="","",IFERROR(INDEX(Estoque!$C$6:$C$45,MATCH($C36,Estoque!$A$6:$A$45,0)),"Código não encontrado")) -> Kit Preto | E36: =IF($C36="","",IFERROR(INDEX(Estoque!$B$6:$B$45,MATCH($C36,Estoque!$A$6:$A$45,0)),"Código não encontrado")) -> Fornecedor Alfa | F36: Instalador B | G36: 1/4 kit | I36: =IF(OR($B36="",$C36=""),"",IF(OR($B36="Retorno de sobra",$B36="Saída de sobra"),IFERROR(VLOOKUP($G36,Listas!$A$2:$B$5,2,FALSE()),0)*IF($H36="",1,$H36),$H36)) -> 0.25 | J36: =IF($C36="","",IF(ISNA(MATCH($C36,Estoque!$A$6:$A$45,0)),"⚠ Código não encontrado",IF(AND(OR($B36="Retorno de sobra",$B36="Saída de sobra"),$G36=""),"⚠ Escolha a medida da sobra",IF(AND(OR($B36="Entrada",$B36="Saída"),$H36=""),"⚠ Informe a quantidade","OK")))) -> OK
A37: 46301 | B37: Saída de sobra | C37: KT-01 | D37: =IF($C37="","",IFERROR(INDEX(Estoque!$C$6:$C$45,MATCH($C37,Estoque!$A$6:$A$45,0)),"Código não encontrado")) -> Kit Cinza Claro | E37: =IF($C37="","",IFERROR(INDEX(Estoque!$B$6:$B$45,MATCH($C37,Estoque!$A$6:$A$45,0)),"Código não encontrado")) -> Fornecedor Alfa | F37: Instalador C | G37: 1/2 kit | I37: =IF(OR($B37="",$C37=""),"",IF(OR($B37="Retorno de sobra",$B37="Saída de sobra"),IFERROR(VLOOKUP($G37,Listas!$A$2:$B$5,2,FALSE()),0)*IF($H37="",1,$H37),$H37)) -> 0.5 | J37: =IF($C37="","",IF(ISNA(MATCH($C37,Estoque!$A$6:$A$45,0)),"⚠ Código não encontrado",IF(AND(OR($B37="Retorno de sobra",$B37="Saída de sobra"),$G37=""),"⚠ Escolha a medida da sobra",IF(AND(OR($B37="Entrada",$B37="Saída"),$H37=""),"⚠ Informe a quantidade","OK")))) -> OK
A38: 46302 | B38: Retorno de sobra | C38: KT-05 | D38: =IF($C38="","",IFERROR(INDEX(Estoque!$C$6:$C$45,MATCH($C38,Estoque!$A$6:$A$45,0)),"Código não encontrado")) -> Kit Areia | E38: =IF($C38="","",IFERROR(INDEX(Estoque!$B$6:$B$45,MATCH($C38,Estoque!$A$6:$A$45,0)),"Código não encontrado")) -> Fornecedor Beta | F38: Instalador C | G38: 3/4 kit | I38: =IF(OR($B38="",$C38=""),"",IF(OR($B38="Retorno de sobra",$B38="Saída de sobra"),IFERROR(VLOOKUP($G38,Listas!$A$2:$B$5,2,FALSE()),0)*IF($H38="",1,$H38),$H38)) -> 0.75 | J38: =IF($C38="","",IF(ISNA(MATCH($C38,Estoque!$A$6:$A$45,0)),"⚠ Código não encontrado",IF(AND(OR($B38="Retorno de sobra",$B38="Saída de sobra"),$G38=""),"⚠ Escolha a medida da sobra",IF(AND(OR($B38="Entrada",$B38="Saída"),$H38=""),"⚠ Informe a quantidade","OK")))) -> OK
A39: 46303 | B39: Retorno de sobra | C39: KT-03 | D39: =IF($C39="","",IFERROR(INDEX(Estoque!$C$6:$C$45,MATCH($C39,Estoque!$A$6:$A$45,0)),"Código não encontrado")) -> Kit Grafite | E39: =IF($C39="","",IFERROR(INDEX(Estoque!$B$6:$B$45,MATCH($C39,Estoque!$A$6:$A$45,0)),"Código não encontrado")) -> Fornecedor Alfa | F39: Instalador A | G39: 1/4 kit | I39: =IF(OR($B39="",$C39=""),"",IF(OR($B39="Retorno de sobra",$B39="Saída de sobra"),IFERROR(VLOOKUP($G39,Listas!$A$2:$B$5,2,FALSE()),0)*IF($H39="",1,$H39),$H39)) -> 0.25 | J39: =IF($C39="","",IF(ISNA(MATCH($C39,Estoque!$A$6:$A$45,0)),"⚠ Código não encontrado",IF(AND(OR($B39="Retorno de sobra",$B39="Saída de sobra"),$G39=""),"⚠ Escolha a medida da sobra",IF(AND(OR($B39="Entrada",$B39="Saída"),$H39=""),"⚠ Informe a quantidade","OK")))) -> OK
A40: 46304 | B40: Saída de sobra | C40: KT-05 | D40: =IF($C40="","",IFERROR(INDEX(Estoque!$C$6:$C$45,MATCH($C40,Estoque!$A$6:$A$45,0)),"Código não encontrado")) -> Kit Areia | E40: =IF($C40="","",IFERROR(INDEX(Estoque!$B$6:$B$45,MATCH($C40,Estoque!$A$6:$A$45,0)),"Código não encontrado")) -> Fornecedor Beta | F40: Instalador A | G40: 1/4 kit | I40: =IF(OR($B40="",$C40=""),"",IF(OR($B40="Retorno de sobra",$B40="Saída de sobra"),IFERROR(VLOOKUP($G40,Listas!$A$2:$B$5,2,FALSE()),0)*IF($H40="",1,$H40),$H40)) -> 0.25 | J40: =IF($C40="","",IF(ISNA(MATCH($C40,Estoque!$A$6:$A$45,0)),"⚠ Código não encontrado",IF(AND(OR($B40="Retorno de sobra",$B40="Saída de sobra"),$G40=""),"⚠ Escolha a medida da sobra",IF(AND(OR($B40="Entrada",$B40="Saída"),$H40=""),"⚠ Informe a quantidade","OK")))) -> OK
D41: =IF($C41="","",IFERROR(INDEX(Estoque!$C$6:$C$45,MATCH($C41,Estoque!$A$6:$A$45,0)),"Código não encontrado")) | E41: =IF($C41="","",IFERROR(INDEX(Estoque!$B$6:$B$45,MATCH($C41,Estoque!$A$6:$A$45,0)),"Código não encontrado")) | I41: =IF(OR($B41="",$C41=""),"",IF(OR($B41="Retorno de sobra",$B41="Saída de sobra"),IFERROR(VLOOKUP($G41,Listas!$A$2:$B$5,2,FALSE()),0)*IF($H41="",1,$H41),$H41)) | J41: =IF($C41="","",IF(ISNA(MATCH($C41,Estoque!$A$6:$A$45,0)),"⚠ Código não encontrado",IF(AND(OR($B41="Retorno de sobra",$B41="Saída de sobra"),$G41=""),"⚠ Escolha a medida da sobra",IF(AND(OR($B41="Entrada",$B41="Saída"),$H41=""),"⚠ Informe a quantidade","OK"))))
D42: =IF($C42="","",IFERROR(INDEX(Estoque!$C$6:$C$45,MATCH($C42,Estoque!$A$6:$A$45,0)),"Código não encontrado")) | E42: =IF($C42="","",IFERROR(INDEX(Estoque!$B$6:$B$45,MATCH($C42,Estoque!$A$6:$A$45,0)),"Código não encontrado")) | I42: =IF(OR($B42="",$C42=""),"",IF(OR($B42="Retorno de sobra",$B42="Saída de sobra"),IFERROR(VLOOKUP($G42,Listas!$A$2:$B$5,2,FALSE()),0)*IF($H42="",1,$H42),$H42)) | J42: =IF($C42="","",IF(ISNA(MATCH($C42,Estoque!$A$6:$A$45,0)),"⚠ Código não encontrado",IF(AND(OR($B42="Retorno de sobra",$B42="Saída de sobra"),$G42=""),"⚠ Escolha a medida da sobra",IF(AND(OR($B42="Entrada",$B42="Saída"),$H42=""),"⚠ Informe a quantidade","OK"))))
D43: =IF($C43="","",IFERROR(INDEX(Estoque!$C$6:$C$45,MATCH($C43,Estoque!$A$6:$A$45,0)),"Código não encontrado")) | E43: =IF($C43="","",IFERROR(INDEX(Estoque!$B$6:$B$45,MATCH($C43,Estoque!$A$6:$A$45,0)),"Código não encontrado")) | I43: =IF(OR($B43="",$C43=""),"",IF(OR($B43="Retorno de sobra",$B43="Saída de sobra"),IFERROR(VLOOKUP($G43,Listas!$A$2:$B$5,2,FALSE()),0)*IF($H43="",1,$H43),$H43)) | J43: =IF($C43="","",IF(ISNA(MATCH($C43,Estoque!$A$6:$A$45,0)),"⚠ Código não encontrado",IF(AND(OR($B43="Retorno de sobra",$B43="Saída de sobra"),$G43=""),"⚠ Escolha a medida da sobra",IF(AND(OR($B43="Entrada",$B43="Saída"),$H43=""),"⚠ Informe a quantidade","OK"))))
D44: =IF($C44="","",IFERROR(INDEX(Estoque!$C$6:$C$45,MATCH($C44,Estoque!$A$6:$A$45,0)),"Código não encontrado")) | E44: =IF($C44="","",IFERROR(INDEX(Estoque!$B$6:$B$45,MATCH($C44,Estoque!$A$6:$A$45,0)),"Código não encontrado")) | I44: =IF(OR($B44="",$C44=""),"",IF(OR($B44="Retorno de sobra",$B44="Saída de sobra"),IFERROR(VLOOKUP($G44,Listas!$A$2:$B$5,2,FALSE()),0)*IF($H44="",1,$H44),$H44)) | J44: =IF($C44="","",IF(ISNA(MATCH($C44,Estoque!$A$6:$A$45,0)),"⚠ Código não encontrado",IF(AND(OR($B44="Retorno de sobra",$B44="Saída de sobra"),$G44=""),"⚠ Escolha a medida da sobra",IF(AND(OR($B44="Entrada",$B44="Saída"),$H44=""),"⚠ Informe a quantidade","OK"))))
D45: =IF($C45="","",IFERROR(INDEX(Estoque!$C$6:$C$45,MATCH($C45,Estoque!$A$6:$A$45,0)),"Código não encontrado")) | E45: =IF($C45="","",IFERROR(INDEX(Estoque!$B$6:$B$45,MATCH($C45,Estoque!$A$6:$A$45,0)),"Código não encontrado")) | I45: =IF(OR($B45="",$C45=""),"",IF(OR($B45="Retorno de sobra",$B45="Saída de sobra"),IFERROR(VLOOKUP($G45,Listas!$A$2:$B$5,2,FALSE()),0)*IF($H45="",1,$H45),$H45)) | J45: =IF($C45="","",IF(ISNA(MATCH($C45,Estoque!$A$6:$A$45,0)),"⚠ Código não encontrado",IF(AND(OR($B45="Retorno de sobra",$B45="Saída de sobra"),$G45=""),"⚠ Escolha a medida da sobra",IF(AND(OR($B45="Entrada",$B45="Saída"),$H45=""),"⚠ Informe a quantidade","OK"))))
D46: =IF($C46="","",IFERROR(INDEX(Estoque!$C$6:$C$45,MATCH($C46,Estoque!$A$6:$A$45,0)),"Código não encontrado")) | E46: =IF($C46="","",IFERROR(INDEX(Estoque!$B$6:$B$45,MATCH($C46,Estoque!$A$6:$A$45,0)),"Código não encontrado")) | I46: =IF(OR($B46="",$C46=""),"",IF(OR($B46="Retorno de sobra",$B46="Saída de sobra"),IFERROR(VLOOKUP($G46,Listas!$A$2:$B$5,2,FALSE()),0)*IF($H46="",1,$H46),$H46)) | J46: =IF($C46="","",IF(ISNA(MATCH($C46,Estoque!$A$6:$A$45,0)),"⚠ Código não encontrado",IF(AND(OR($B46="Retorno de sobra",$B46="Saída de sobra"),$G46=""),"⚠ Escolha a medida da sobra",IF(AND(OR($B46="Entrada",$B46="Saída"),$H46=""),"⚠ Informe a quantidade","OK"))))
D47: =IF($C47="","",IFERROR(INDEX(Estoque!$C$6:$C$45,MATCH($C47,Estoque!$A$6:$A$45,0)),"Código não encontrado")) | E47: =IF($C47="","",IFERROR(INDEX(Estoque!$B$6:$B$45,MATCH($C47,Estoque!$A$6:$A$45,0)),"Código não encontrado")) | I47: =IF(OR($B47="",$C47=""),"",IF(OR($B47="Retorno de sobra",$B47="Saída de sobra"),IFERROR(VLOOKUP($G47,Listas!$A$2:$B$5,2,FALSE()),0)*IF($H47="",1,$H47),$H47)) | J47: =IF($C47="","",IF(ISNA(MATCH($C47,Estoque!$A$6:$A$45,0)),"⚠ Código não encontrado",IF(AND(OR($B47="Retorno de sobra",$B47="Saída de sobra"),$G47=""),"⚠ Escolha a medida da sobra",IF(AND(OR($B47="Entrada",$B47="Saída"),$H47=""),"⚠ Informe a quantidade","OK"))))
D48: =IF($C48="","",IFERROR(INDEX(Estoque!$C$6:$C$45,MATCH($C48,Estoque!$A$6:$A$45,0)),"Código não encontrado")) | E48: =IF($C48="","",IFERROR(INDEX(Estoque!$B$6:$B$45,MATCH($C48,Estoque!$A$6:$A$45,0)),"Código não encontrado")) | I48: =IF(OR($B48="",$C48=""),"",IF(OR($B48="Retorno de sobra",$B48="Saída de sobra"),IFERROR(VLOOKUP($G48,Listas!$A$2:$B$5,2,FALSE()),0)*IF($H48="",1,$H48),$H48)) | J48: =IF($C48="","",IF(ISNA(MATCH($C48,Estoque!$A$6:$A$45,0)),"⚠ Código não encontrado",IF(AND(OR($B48="Retorno de sobra",$B48="Saída de sobra"),$G48=""),"⚠ Escolha a medida da sobra",IF(AND(OR($B48="Entrada",$B48="Saída"),$H48=""),"⚠ Informe a quantidade","OK"))))
D49: =IF($C49="","",IFERROR(INDEX(Estoque!$C$6:$C$45,MATCH($C49,Estoque!$A$6:$A$45,0)),"Código não encontrado")) | E49: =IF($C49="","",IFERROR(INDEX(Estoque!$B$6:$B$45,MATCH($C49,Estoque!$A$6:$A$45,0)),"Código não encontrado")) | I49: =IF(OR($B49="",$C49=""),"",IF(OR($B49="Retorno de sobra",$B49="Saída de sobra"),IFERROR(VLOOKUP($G49,Listas!$A$2:$B$5,2,FALSE()),0)*IF($H49="",1,$H49),$H49)) | J49: =IF($C49="","",IF(ISNA(MATCH($C49,Estoque!$A$6:$A$45,0)),"⚠ Código não encontrado",IF(AND(OR($B49="Retorno de sobra",$B49="Saída de sobra"),$G49=""),"⚠ Escolha a medida da sobra",IF(AND(OR($B49="Entrada",$B49="Saída"),$H49=""),"⚠ Informe a quantidade","OK"))))
D50: =IF($C50="","",IFERROR(INDEX(Estoque!$C$6:$C$45,MATCH($C50,Estoque!$A$6:$A$45,0)),"Código não encontrado")) | E50: =IF($C50="","",IFERROR(INDEX(Estoque!$B$6:$B$45,MATCH($C50,Estoque!$A$6:$A$45,0)),"Código não encontrado")) | I50: =IF(OR($B50="",$C50=""),"",IF(OR($B50="Retorno de sobra",$B50="Saída de sobra"),IFERROR(VLOOKUP($G50,Listas!$A$2:$B$5,2,FALSE()),0)*IF($H50="",1,$H50),$H50)) | J50: =IF($C50="","",IF(ISNA(MATCH($C50,Estoque!$A$6:$A$45,0)),"⚠ Código não encontrado",IF(AND(OR($B50="Retorno de sobra",$B50="Saída de sobra"),$G50=""),"⚠ Escolha a medida da sobra",IF(AND(OR($B50="Entrada",$B50="Saída"),$H50=""),"⚠ Informe a quantidade","OK"))))
D51: =IF($C51="","",IFERROR(INDEX(Estoque!$C$6:$C$45,MATCH($C51,Estoque!$A$6:$A$45,0)),"Código não encontrado")) | E51: =IF($C51="","",IFERROR(INDEX(Estoque!$B$6:$B$45,MATCH($C51,Estoque!$A$6:$A$45,0)),"Código não encontrado")) | I51: =IF(OR($B51="",$C51=""),"",IF(OR($B51="Retorno de sobra",$B51="Saída de sobra"),IFERROR(VLOOKUP($G51,Listas!$A$2:$B$5,2,FALSE()),0)*IF($H51="",1,$H51),$H51)) | J51: =IF($C51="","",IF(ISNA(MATCH($C51,Estoque!$A$6:$A$45,0)),"⚠ Código não encontrado",IF(AND(OR($B51="Retorno de sobra",$B51="Saída de sobra"),$G51=""),"⚠ Escolha a medida da sobra",IF(AND(OR($B51="Entrada",$B51="Saída"),$H51=""),"⚠ Informe a quantidade","OK"))))
D52: =IF($C52="","",IFERROR(INDEX(Estoque!$C$6:$C$45,MATCH($C52,Estoque!$A$6:$A$45,0)),"Código não encontrado")) | E52: =IF($C52="","",IFERROR(INDEX(Estoque!$B$6:$B$45,MATCH($C52,Estoque!$A$6:$A$45,0)),"Código não encontrado")) | I52: =IF(OR($B52="",$C52=""),"",IF(OR($B52="Retorno de sobra",$B52="Saída de sobra"),IFERROR(VLOOKUP($G52,Listas!$A$2:$B$5,2,FALSE()),0)*IF($H52="",1,$H52),$H52)) | J52: =IF($C52="","",IF(ISNA(MATCH($C52,Estoque!$A$6:$A$45,0)),"⚠ Código não encontrado",IF(AND(OR($B52="Retorno de sobra",$B52="Saída de sobra"),$G52=""),"⚠ Escolha a medida da sobra",IF(AND(OR($B52="Entrada",$B52="Saída"),$H52=""),"⚠ Informe a quantidade","OK"))))
... D505: =IF($C505="","",IFERROR(INDEX(Estoque!$C$6:$C$45,MATCH($C505,Estoque!$A$6:$A$45,0)),"Código não encontrado")) | E505: =IF($C505="","",IFERROR(INDEX(Estoque!$B$6:$B$45,MATCH($C505,Estoque!$A$6:$A$45,0)),"Código não encontrado")) | I505: =IF(OR($B505="",$C505=""),"",IF(OR($B505="Retorno de sobra",$B505="Saída de sobra"),IFERROR(VLOOKUP($G505,Listas!$A$2:$B$5,2,FALSE()),0)*IF($H505="",1,$H505),$H505)) | J505: =IF($C505="","",IF(ISNA(MATCH($C505,Estoque!$A$6:$A$45,0)),"⚠ Código não encontrado",IF(AND(OR($B505="Retorno de sobra",$B505="Saída de sobra"),$G505=""),"⚠ Escolha a medida da sobra",IF(AND(OR($B505="Entrada",$B505="Saída"),$H505=""),"⚠ Informe a quantidade","OK"))))
